word,x1,y1,x2,y2,page
This,0.160650298,0.810781717,0.186401501,0.818662643,3
